metric,value,p_value
Pearson r,-0.28466302718028097,0.13447393993682616
Spearman r,-0.4193826469071598,0.023533839578537538
N_observations,29.0,
